ICAO_AERODROMO_ORIGEM;ICAO_AERODROMO_DESTINO
SBBE;SBEG
SBGL;SBPA
SBEG;SBBE
SBGL;SBEG
SBKP;SBEG
SBEG;SBKP
SBEG;SBBR
SBKP;SBRF
SBKP;SBBR
SBBR;SBEG
SBBR;SBKP
SBGR;SCEL
SCEL;DNMM
DGAA;SPJC
SPJC;EBLG
SBGR;HAAB
DNMM;SBGR
SBSV;SBVC
SBMO;SBAR
SBRF;SBMO
SBAR;SBSV
SBVC;SBCF
SBSG;SBRF
SBPL;SBFZ
SBMK;SBPL
SBFZ;SBSG
SBCF;SBMK
SBJD;SBCF
SBCF;SBJD
SBVT;SBGR
SBGR;SBVT
SBJD;SBGR
SWFX;SJHG
SJHG;SWHP
SWHP;SWFX
SWTS;SBCY
SWJN;SWTS
SSOU;SWJN
SBCY;SWTS
SBCY;SWJN
SWTS;SWJN
SWJN;SSOU
SBMD;SNYA
SBIH;SBSN
SNRJ;SBIH
SBSN;SNMA
SBRF;SNRU
SBGO;SBBW
SBBW;SBGO
SBBW;SBCY
SBCY;SBBW
SNVS;SBBE
SBBE;SNVS
SBMD;SNVS
SBMD;SBBE
SBBE;SBMD
SBSN;SBMD
SWPI;SBEG
SBSP;SDIM
SDTK;SBSP
SBSP;SBSJ
SBSP;SDTK
SDAG;SBSP
SBRJ;SDAG
SBME;SBRJ
SBRJ;SBME
SBCP;SBRJ
SBRJ;SBCP
SNHS;SBRF
SBRF;SNHS
SNRU;SBRF
SBSP;SDAG
SSTE;SBPA
SSCN;SBPA
SBPA;SSTE
SBPA;SSCN
SBJE;SBFZ
SBFZ;SBJE
SDTK;SBRJ
SBRJ;SBSJ
SBRJ;SDTK
SDAG;SBRJ
SNGA;SBCF
SBCF;SNGA
EBLG;OTHH
ELLX;SBGR
SBGR;SAEZ
ELLX;OTHH
ELLX;SBKP
OTHH;ELLX
SBKP;SCEL
SGAS;SACO
SACO;SGAS
SGAS;LEMD
LEMD;SLVR
LEMD;SAEZ
SAEZ;LEMD
LEMD;SUMU
SUMU;LEMD
LEMD;SBGR
SBGR;LEMD
LEMD;SBSV
SBSV;LEMD
LEMD;SPJC
SPJC;LEMD
SLVR;LEMD
SBBE;SMJP
SMJP;SBBE
SLVR;SBGR
SBGR;SLVR
SBGR;SUMU
SUMU;SLLP
SLLP;SBGR
SCEL;SBGR
SCEL;SBGL
SBGL;SCEL
SCEL;YSSY
YSSY;SCEL
SCEL;SBCF
SBCF;SCEL
SCEL;SBFL
SBFL;SCEL
SBGL;KMIA
SBGR;SBGO
KMIA;SBGL
SBGR;KMIA
KMIA;SBGR
SBGR;KJFK
SBGR;KDFW
KJFK;SBGR
KDFW;SBGR
SBEG;KMIA
KMIA;SBEG
SKBO;SBGR
SBGR;SKBO
SBGL;SKBO
SKBO;SBGL
KMIA;SBKP
SKBO;KMIA
SCEL;SAEZ
SAEZ;SBKP
SBKP;SKBO
KMEM;SBKP
SBKP;KMEM
TJBQ;SBKP
KMEM;TJBQ
TJBQ;KMEM
SBKP;TJBQ
ELLX;SBGL
SBKP;SBCT
SBKP;SBGL
SBKP;ELLX
SBGL;ELLX
SBGL;SBKP
SBCT;SBKP
SBGR;SPJC
LPPT;SBRF
SBRF;LPPT
SBMO;SBRF
SBSV;LPPT
LPPT;SBSV
SBFZ;LPPT
LPPT;SBFZ
SBBR;LPPT
LPPT;SBBR
SBGL;LPPT
LPPT;SBGL
SBGL;LPPR
LPPR;SBGL
SBGR;LPPR
LPPR;SBGR
SBGR;LPPT
LPPT;SBGR
LPPT;SBCF
SBCF;LPPT
SBCT;SBGR
LPPR;SBBR
SBGR;SBEG
LPPT;SBCT
SBEG;SBGR
SBGR;SBRF
SBRF;SBEG
SBKP;SKRG
SBEG;SEQM
SKRG;KMIA
SEQM;KMIA
KMIA;SBRF
SBRF;SBGR
SBKP;SEQM
SBCF;SBKP
KMIA;SBCF
SBGR;SEQM
KMIA;SBCT
SBRF;SBKP
KMIA;SBPA
SGAS;SEQM
SBPA;SBKP
SBKP;SGAS
KMIA;SBSV
SBSV;SBKP
SBEG;SKBO
KMIA;SBVT
SBVT;SBKP
SBVT;SBPA
SBEG;SPJC
SPJC;SEQM
SBCB;SBKP
KMIA;SBFL
SBEG;SKRG
SBCB;SBFL
SBCB;SBGR
SBKP;SBGR
SBFL;SBGR
KMIA;SBCB
SBFL;SBKP
SBVT;SBFL
SCEL;KMIA
SAEZ;SCEL
SBKP;SAEZ
SBGR;SBKP
SCEL;SBKP
SBKP;SBVT
KMIA;SGAS
SGAS;SBGR
SBGL;SBGR
SBKP;SCCF
SCCF;SEQM
MPTO;SBEG
SBEG;MPTO
SBBR;MPTO
MPTO;SBBR
MPTO;SBGR
SBGR;MPTO
SBCF;MPTO
MPTO;SBCF
SBGL;MPTO
MPTO;SBGL
LSZH;SBGR
SBGR;LSZH
SAEZ;SBGR
SPJC;SBGR
SBGR;SBPA
SBPA;SBGR
SBFL;SBCT
SBGR;SBCT
SBCT;SBFL
SBGR;SBGL
SBGL;SBVT
SBGL;SBBE
SBGO;SBGR
SBSL;SBBR
SBBR;SBCF
SBGL;SBCF
SBGL;SBBR
SBGR;SBTE
SBTE;SBGR
SBAR;SBGR
SBSP;SBFZ
SBFZ;SBSP
SBSP;SBSV
SBMO;SBGR
SBGR;SBAR
SBGR;SBFZ
SBFZ;SBGR
SBSV;SBSP
SBPL;SBGR
SBRJ;SBBR
SBVT;SBSP
SBVC;SBGR
SBCT;SBSV
SBSV;SBBV
SBCF;SBBV
SBCG;SBBV
SBRF;SBCT
SBFZ;SBPA
SBGO;SBCT
SBCT;SBGL
SBGL;SBCT
SBPA;SBFZ
SBSV;SBCT
SBSV;SBGR
SBBV;SBCF
SBBV;SBCG
SBGR;SBSV
SBBV;SBBR
SBCG;SBPA
SBBV;SBGR
SBBV;SBCT
SBGR;SBBR
SBBR;SBGR
SBCT;SBFZ
SBFZ;SBCT
SBKP;SBPA
SBSV;SBGL
SBCF;SBGR
SBSV;SBCF
SBGL;SBSV
SBBR;SBRJ
SBFZ;SBSV
SBCF;SBSV
SBGR;SBCF
SBSV;SBFZ
SBCG;SBGO
SBGO;SBCG
SBCF;SBTE
SBTE;SBCF
SBEG;SBPV
SBPV;SBCY
SBCY;SBGR
SBGR;SBSL
SBGO;SBEG
EHAM;SBKP
SAEZ;SEQM
KMIA;EHAM
SCEL;SEQM
SBKP;SPJC
SBSP;SBRJ
SBRJ;SBSP
SBGR;SBRJ
SBRJ;SBGR
SBSP;SBBR
SBBR;SBSP
SBGR;SBCY
SBGR;SBCG
SBCG;SBGR
SBGR;SBSI
SBSI;SBGR
SBCT;SBSP
SBGR;SBCA
SBCA;SBGR
SBGR;SBMG
SBMG;SBGR
SBSP;SBCT
SBFI;SBGR
SBGR;SBLO
SBGR;SBFI
SBSP;SBPA
SBGR;SBNF
SBNF;SBGR
SBGR;SBFL
SBPA;SBSP
SBSP;SBNF
SBCH;SBGR
SBGR;SBCX
SBCX;SBGR
SBFL;SBSP
SBGR;SBCB
SBSP;SBFL
SBNF;SBSP
SBGR;SBCH
SBGR;SBPF
SBPF;SBGR
SBGR;SBJV
SBJV;SBGR
SBDN;SBGR
SBGR;SBDN
SBSP;SBCF
SBCF;SBSP
SBGR;SBZM
SBZM;SBGR
SBUL;SBGR
SBMK;SBGR
SBGR;SBMK
SBBE;SBGR
SBGR;SBUL
SBLO;SBGR
SBGR;SBBE
SBRF;SBSP
SBSP;SBRF
SBGR;SBPS
SBPS;SBGR
SBIL;SBGR
SBJP;SBGR
SBGR;SBKG
SBGR;SBVC
SBGR;SBMO
SBSG;SBGR
SBGR;SBPL
SBGR;SBJP
SBGR;SBJU
SBJU;SBGR
SBKG;SBGR
SBGR;SBSG
SBGR;SBIL
SBSL;SBGR
SBKP;SBRJ
SBRJ;SBKP
SBPA;SBRJ
SBRJ;SBSV
SBGL;SBAR
SBAR;SBGL
SBGL;SBFZ
SBJP;SBGL
SBCT;SBRJ
SBGL;SBJP
SBMQ;SBBE
SBBE;SBMQ
SBBE;SBGL
SBRJ;SBPA
SBSG;SBGL
SBRF;SBGL
SBNF;SBRJ
SBEG;SBGL
SBPA;SBGL
SBSV;SBRJ
SBRJ;SBGO
SBRJ;SBFL
SBGL;SBRF
SBFZ;SBGL
SBGL;SBFL
SBGL;SBMO
SBMO;SBGL
SBFL;SBGL
SBNF;SBGL
SBGO;SBRJ
SBRJ;SBVT
SBVT;SBRJ
SBRJ;SBCT
SBRJ;SBNF
SBFL;SBRJ
SBRJ;SBCF
SBCF;SBRJ
SBGL;SBFI
SBFI;SBGL
SBGL;SBSG
SBGL;SBNF
SBCY;SBCT
SBCT;SBCY
SBCF;SBPS
SBGO;SBFZ
SBSV;SBVT
SBVT;SBSV
SBRJ;SBPS
SBBR;SBPJ
SBSP;SBIL
SBGR;SBJE
SBJE;SBGR
SBMO;SBBR
SBSV;SBAR
SBBR;SBMO
SBSG;SBBR
SBIL;SBSP
SBBR;SBSG
SBSN;SBEG
SBBR;SBSV
SBEG;SBSN
SBFZ;SBCF
SBBR;SBPS
SBEG;SBFZ
SBFZ;SBEG
SBPS;SBBR
SBCF;SBFZ
SBFZ;SBKP
SBKP;SBFZ
SBSV;SBGO
SBGO;SBSV
SBBR;SBAR
SBAR;SBBR
SBBR;SBRF
SBGO;SBBR
SBBR;SBGO
SBBR;SBMQ
SBMQ;SBBR
SBBR;SBCY
SBCY;SBBR
SBBR;SBBV
SBBR;SBCT
SBCT;SBBR
SBBR;SBMA
SBBR;SBSN
SBCF;SBBR
SBBR;SBTE
SBPV;SBBR
SBBR;SBNF
SBFZ;SBBR
SBBR;SBGL
SBBR;SBFL
SBFL;SBBR
SBBR;SBVT
SBSN;SBBR
SBTE;SBBR
SBNF;SBBR
SBPJ;SBBR
SBBR;SBFZ
SBRF;SBBR
SBBR;SBPA
SBPA;SBBR
SBVT;SBBR
SBSV;SBBR
SBBR;SBCJ
SBCJ;SBBR
SBBR;SBSL
SBBR;SBJP
SBJP;SBBR
SBBR;SBRB
SBRB;SBCZ
SBMA;SBBR
SBFZ;SBRF
SBBR;SBPV
SBCZ;SBRB
SBRB;SBBR
SBBR;SBBE
SBBE;SBBR
SBSV;SBRF
SBRF;SBSV
SBKP;SBSV
SBFZ;SBJU
SBFZ;SBBE
SBBE;SBFZ
SBJP;SBSV
SBFN;SBRF
SBRF;SBFN
SBPV;SBEG
SBSV;SBSL
SBSL;SBSV
SBBE;SBSN
SBSV;SBJP
SBRF;SBFZ
SBBE;SBMA
SBSV;SBTE
SBTE;SBSV
SBSG;SBSV
SBSV;SBSG
SBSN;SBBE
SBPA;SBCT
SBCT;SBPA
SBSV;SBPJ
SBPJ;SBSV
SBJU;SBFZ
SBMA;SBBE
SBSV;SBMO
SBSG;SBFZ
SBFZ;SBSL
SBSL;SBFZ
SBCJ;SBBE
SBBE;SBCJ
SBMO;SBSV
SBSL;SBBE
SBBE;SBSL
SBKP;SBFL
SBKP;SBAR
SBKP;SBMO
SBMO;SBKP
SBAR;SBKP
SBKP;SBCF
SBCY;SBSO
SBSO;SBCY
SBGV;SBCF
SBCT;SBCF
SBCF;SBCT
SBDN;SBKP
SBKP;SBDN
SBCT;SBFI
SBFI;SBCT
SBRF;SBJP
SBJP;SBRF
SBRF;SBKG
SBKG;SBRF
SBCT;SBCA
SBCA;SBCT
SBKP;SBJV
SBMK;SBCF
SBVT;SBGV
SBPS;SBMK
SBCF;SBVT
SBVT;SBCF
SBKP;SBSR
SBKP;SBMG
SBLO;SBKP
SBKP;SBBE
SBBE;SBKP
SBRF;SBBE
SBBE;SBRF
SBCF;SBCY
SBCY;SBCF
SBCF;SBUL
SBBR;SBIL
SBIL;SBBR
SBUL;SBCF
SBCY;SBGL
SBGL;SBCY
SBPA;SBSV
SBSV;SBPA
SBGL;SBGO
SBGO;SBGL
SBGL;SBPS
SBPS;SBGL
SBSP;SBGL
SBGL;SBSP
SBSP;SBAR
SBAR;SBSP
SBSP;SBFI
SBFI;SBSP
SBSP;SBCG
SBCG;SBSP
SBSP;SBSG
SBSP;SBJP
SBJP;SBSP
SBPS;SBRJ
SBSP;SBMO
SBCF;SBGV
SBSP;SBPS
SBPS;SBSP
SBSP;SBJE
SBJE;SBSP
SBSG;SBSP
SBPS;SBCF
SBFZ;SBGO
SBMO;SBSP
SBGR;SBCN
SBCN;SBGR
SBSP;SBVT
SBGV;SBVT
SBPS;SBRP
SBRP;SBPS
SBKP;SBPS
SBPS;SBKP
SBPA;SBPS
SBCF;SBMO
SBSG;SBCF
SBMO;SBCF
SBCF;SBSG
SBLO;SBMO
SBMO;SBLO
SBCY;SBMO
SBMO;SBCY
SBCF;SBGL
SBCF;SBCJ
SBSL;SBCJ
SBCJ;SBSL
SBCJ;SBCF
SWJN;SBCY
SDNM;SWJN
SBCY;SDNM
SBSO;SBSI
SDNM;SILC
SILC;SBSO
SBGR;KATL
SBSI;SBCY
SILC;SBCY
KATL;SBGR
EHAM;SBGL
SBGL;EHAM
EHAM;SBGR
SBGR;EHAM
OMDB;SBGR
SBGR;OMDB
OMDB;SBKP
GOBD;SBGR
OMDB;GOBD
SBPA;SBNF
SBNF;SBKP
SBKP;SBRB
SBCY;SBKP
SBRB;SBKP
SBCZ;SBCY
SBMO;SBJP
SBKP;SBSL
SBJP;SBKP
SBKP;SBTE
SBTE;SBKP
SBSL;SBKP
SBKP;SBSG
SBSG;SBKP
SBKP;SBJP
SBKP;SBFI
SBFI;SBKP
SBKP;SBIL
SBIL;SBKP
SBPS;SBUL
SBUL;SBPS
SBGO;SBPS
SBPS;SBSR
SBSR;SBPS
SBPS;SBGO
SBCT;SBPS
SBPS;SBDN
SBDN;SBPS
SBPS;SBCT
SBPS;SBPA
SBSG;SBRP
SBRP;SBSG
SBRF;SBUL
SBCF;SBJP
SBUL;SBRF
SBUL;SBMO
SBMO;SBUL
SBJP;SBCF
SBUL;SBSG
SBSG;SBUL
SBRF;SBRP
SBRP;SBMO
SBMO;SBRP
SBGO;SBSG
SBSG;SBGO
SBRF;SBSR
SBCF;SBIL
SBRF;SBPA
SBIL;SBCF
SBPA;SBRF
SBSR;SBRF
SBGO;SBRF
SBRF;SBGO
SBFI;SBRF
SBRF;SBFI
SBCF;SBFI
SBFI;SBCF
SBRP;SBRF
SBDB;SBCR
SBKP;SBDB
SBCR;SBKP
SBKP;SBCN
SBCN;SBKP
SBMO;SBDN
SBDN;SBMO
SBMO;SBSR
SBSR;SBMO
SBSV;SBRP
SBRP;SBSV
SBCY;SBPS
SBPS;SBCY
SBPS;SBAE
SBAE;SBPS
SBCF;SBRF
SBRF;SBCF
SBKP;SBNF
SBSL;SBRF
SBCF;SBGO
SBGO;SBCF
SBSV;SBPS
SBPS;SBSV
SBCH;SBFL
SBFL;SBPA
SBCY;SBGO
SBGO;SBCY
SBKP;SBPB
SBTE;SBPB
SBPB;SBKP
SBPB;SBTE
SBEG;SBBV
SBBV;SBEG
SBRP;SBKP
SBKP;SBRD
SBRD;SBKP
SBKP;SBAU
SBKP;SBCH
SBKP;SBRP
SBPA;SBPK
SBPJ;SBCY
SBRF;SBPJ
SBUL;SBKP
SBPK;SBPA
SBAU;SBKP
SBCY;SBSI
SBJU;SBRF
SBRF;SBPL
SBPL;SBRF
SBRJ;SBRF
SBRF;SBRJ
SBRF;SBAR
SBAR;SBRF
SBRF;SBSG
SBRF;SBTE
SBTE;SBRF
SBVC;SBSV
SBCF;SBVC
SBEG;SBRF
SBCH;SBKP
SBPA;SBFI
SBFI;SBPA
SBEG;SBTF
SBTF;SBEG
SBEG;SBTT
SBTT;SBEG
SBMG;SBKP
SBMG;SBCT
SBCT;SBMG
SBCT;SBLO
SBLO;SBCT
SBCY;SBSR
SBSR;SBCY
SBBE;SBHT
SBKP;SBPL
SBPL;SBKP
SBCF;SBFL
SBFL;SBCF
SBBE;SBIZ
SBIZ;SBBE
SBKP;SBCY
SBCF;SNBR
SNBR;SBCF
SBKP;SBUL
SBSR;SBKP
SBKP;SBCG
SBCG;SBKP
SBJV;SBKP
SBKP;SBZM
SBBE;SBBV
SBKP;SWLC
SWLC;SBKP
SBKP;SBAE
SBBV;SBBE
SBKP;SBML
SBML;SBKP
SBKP;SBGO
SBGO;SBKP
SBGO;SBPJ
SBPJ;SBGO
SBCY;SBPV
SBCG;SBCY
SBCT;SBCG
SBCG;SBCT
SBCY;SBCG
SBAE;SBKP
SBRF;SBSL
SBSL;SBIZ
SBIZ;SBSL
SBNF;SBPA
SBFL;SBCH
SBPA;SBFL
SBDO;SBKP
SBMK;SBPS
SBZM;SBKP
SBCF;SNTF
SNTF;SBCF
SBCF;SBSL
SBSL;SBCF
SBHT;SBBE
SBKP;SBCA
SBCA;SBKP
SBKP;SBPJ
SBPJ;SBKP
SBKP;SBPV
SBPV;SBKP
SBCF;SBRP
SBRP;SBCF
SBCF;SBBE
SBBE;SBCF
SBCF;SBJE
SBCY;SBRJ
SBRJ;SBCY
SBCY;SBAT
SBAT;SBCY
SBJE;SBCF
SBKP;SBSI
SBSI;SBKP
SBPA;SBCF
SBCF;SBPA
SBKP;SBLO
SBKP;SBDO
SBRF;SBJU
SBTF;SBTT
SBKP;SBJU
SBJU;SBKP
SBPJ;SBRF
SBCY;SBPJ
SBRF;SBCY
SBCY;SBRF
SBPA;SBSM
SBSM;SBPA
SBSV;SBIL
SBIL;SBSV
SBRF;SBVT
SBVT;SBRF
SBIL;SBRJ
SBRJ;SBIL
SBCB;SBRJ
SBCF;SBCB
SBCB;SBCF
SBRJ;SBCB
SBCF;SBAR
SBAR;SBCF
SBKP;SBAC
SBAC;SBKP
SBKP;KFLL
KFLL;SBKP
SBKP;LPPT
LPPT;SBKP
SBPA;SBCY
SBCY;SBPA
SBVT;SBPS
SBPS;SBVT
SBIL;SBVT
SBVT;SBIL
SBSV;SBUL
SBUL;SBSV
SBCY;SBSV
SBSV;SBCY
SBRF;SBJE
SBJE;SBRF
SBRF;SBPB
SBPB;SBRF
SBLO;SBCY
SBCY;SBLO
SBCY;SBUL
SBUL;SBCY
SBPV;SBRF
SBMO;SBPA
SBPA;SBMO
SBSP;SBCB
SBCB;SBSP
SBRF;SBPV
SBMG;SBCY
SBCY;SBMG
SBRP;SBCY
SBCY;SBRP
SBFL;SBFI
SBFI;SBFL
SBBE;SBPJ
SBDN;SBCY
SBCY;SBDN
SBCF;SBEG
SBEG;MTPP
SBEG;SBCF
MTPP;SBEG
SBEG;SBIH
SBIH;SBEG
SBEG;SBUA
SBUA;SBEG
SBEG;SWCA
SWCA;SBEG
SBEG;SWEI
SBTF;SWEI
SWEI;SBEG
SWEI;SBTF
SWLB;SWKO
SWLB;SBEG
SWCA;SWKO
SWKO;SBEG
SBEG;SWPI
SWKO;SWLB
SBEG;SWKO
SBEG;SWLB
SBEG;SBUY
SBUY;SBEG
SBUY;SWCA
SWCA;SBUY
SBEG;SBTB
SBTB;SBEG
SBCT;SKBO
KMIA;SCCF
SBKP;SUMU
SUMU;SKBO
SBGR;SGAS
SBGR;SKRG
SGES;SBKP
SGAS;SKBO
FNLU;SBGR
SBGR;FNLU
SBGL;LEMD
LEMD;SBGL
SCCF;SBGR
SGAS;SBKP
KMIA;SGES
SCCF;SBKP
KIAH;SBGR
SBGR;KIAH
SBGL;KIAH
KIAH;SBGL
SBGR;KEWR
KEWR;SBGR
SBGR;KORD
KORD;SBGR
SBFZ;LFPG
LFPG;SBFZ
LFPG;SBGL
SBGL;LFPG
LFPG;SBGR
SBGR;LFPG
SAEZ;SBGL
SBGL;SAEZ
SAEZ;SBSV
SBSV;SAEZ
SAEZ;SBFL
SBFL;SAEZ
GOBD;SBKP
EDDF;SBCT
EDDF;GOBD
SBRF;EDDF
SBRF;GOBD
EDDF;SBKP
SUMU;SAEZ
SAEZ;EDDF
PANC;KMIA
RKSI;PANC
GOBD;EDDF
SAEZ;SUMU
SPJC;KLAX
KLAX;RKSI
SCEL;SPJC
EHAM;EDDF
EDDF;GVAC
GVAC;SBKP
GVAC;SBGR
SPJC;KMIA
SCEL;SKBO
MMMX;SBGR
SGAS;SCEL
SBGR;MMMX
LIRF;SBGR
SBGR;LIRF
LIMC;SBGR
LIRF;SBRF
SBRF;LIRF
SBGR;LIMC
SBIZ;SBBR
SBBR;SBIZ
SBGR;SBIZ
SBIZ;SBGR
SBBR;SBCG
SBCG;SBBR
SBSP;SBCY
SBCY;SBSP
SBSP;SBGO
SBGO;SBSP
SBGR;SBPJ
SBPJ;SBGR
SUMU;SBGR
SBGR;EDDF
EDDF;SBGR
SBGR;KBOS
KBOS;SBGR
SBCT;SBBE
SBGR;SBAU
SBAU;SBGR
SBGR;SBDO
SBDO;SBGR
SBBR;SNBR
SNBR;SBBR
SBBR;SWGN
SWGN;SBBR
SBBR;SBSR
SBSR;SBBR
SBSV;SNBR
SNBR;SBSV
SBSV;SBPL
SBPL;SBSV
SBPG;SBFI
SBSP;SBPG
SBPG;SBSP
SBFI;SBPG
SBBR;SBRP
SBRP;SBBR
SBBR;SBUL
SBRP;SBRJ
SBUL;SBRP
SBRP;SBUL
SBRJ;SBRP
SBUL;SBBR
SBRP;SBGO
SBSP;SBRP
SBGO;SBRP
SBRP;SBSP
CYYZ;SBGR
SBGR;CYYZ
CYUL;SBGR
SBGR;CYUL
LTFM;SBGR
SBGR;LTFM
LTBA;KMIA
GOBD;LTBA
LTBA;GOBD
SBGR;GOBD
SBGR;SLCB
SLCB;SBGR
GVAC;SBRF
SBRF;GVAC
SBGR;EGLL
EGLL;SBGR
SBGL;EGLL
EGLL;SBGL
SBKP;KMIA
SBGR;EKCH
SBGL;SYCJ
KLAX;SBGR
EKCH;SBGR
SBKP;SVVA
SKBO;SPJC
SVVA;SKBO
SBBV;SYEC
SPJC;SBKP
SYEC;SBBV
SVMI;SBEG
SGAS;SBGL
SBEG;SVMI
SBGL;SGAS
SGAS;SBFL
SBFL;SGAS
SBSV;SCEL
SCDA;SVMI
SCEL;SCDA
SVMI;SCDA
SCDA;SCEL
SBGR;SBSR
SBSR;SBGR
SBGR;SBRP
SBRP;SBGR
SBGR;SBJA
SBJA;SBGR
SBGR;SBRB
SBRB;SBGR
SBGR;SBPV
SBPV;SBGR
HAAB;SBGR
SBSP;SBJD
SBRJ;SBJD
SBJD;SBRJ
SBJD;SBSP
SBJD;SDAG
SBJD;SBPA
SBPA;SBJD
SBJD;SBGO
SBGO;SBJD
SNMZ;SBBE
SBBE;SNMZ
SDUB;SBSP
LEMD;SGAS
SEQM;MPTO
MPTO;EBLG
KDFW;ELLX
SAEZ;KDFW
OTHH;SBGR
SBGR;OTHH
SBSJ;SBSP
SWHP;SBCY
SBSP;SDUB
SWPI;SBSN
SBSN;SWPI
SBCY;SWHP
SWPI;SWMW
SWMW;SWPI
SWMW;SBEG
SBEG;SWMW
SCEL;MPTO
KMIA;EBLG
MPTO;KDFW
SBCF;SBPL
SBGR;SBJD
SBME;SBCP
SDIM;SBSP
SBSJ;SBRJ
SNOX;SBTB
SBTB;SNRJ
SNTI;SNOX
SNMA;SNTI
SNVS;SNMZ
SNMZ;SBSN
SBSN;SNMZ
SNMZ;SNVS
SNYA;SBBE
SNYA;SNMZ
SBCF;FQMA
HAAB;SBCF
DGAA;SBGR
SBKP;SBMA
SBKP;SBJD
SBSN;SNVS
SBSJ;SBBR
SBPJ;SBPJ
SBRF;SBRF
EBLG;SBGR
MPTO;EHBK
EHBK;OTHH
SCEL;KDFW
LFPG;OTHH
OTHH;EHBK
SBGR;EHBK
EHBK;SBGR
OTHH;EBLG
YMML;YSSY
SCEL;YMML
YSSY;NZAA
NZAA;SCEL
LEMD;SCEL
KATL;SBKP
SBKP;KATL
EHAM;ELLX
SGES;SBGR
SBRF;LPPR
SBRF;OMAA
SBSP;SBMG
SBMG;SBSP
SBRB;SBEG
SBEG;SBRB
SIZX;SWJN
SBCY;SIZX
SILC;SWJN
SBCY;SILC
SDNM;SBCY
SWJN;SILC
SIZX;SBCY
SWJN;SIZX
SWJN;SDNM
GOBD;OMDB
SBKP;SBBV
SBBV;SBKP
SBCF;SBUR
SBUR;SBCF
SBKP;SBTG
SBTG;SBKP
SBKP;SBVC
SBVC;SBKP
SBJU;SBPL
SBKP;SBCX
SBCX;SBKP
SBJE;SBKP
SBKP;SBJE
SBCF;SBSN
SBSN;SBCF
SBBE;MTPP
MTPP;SBBE
SBEG;MGGT
MGGT;SBEG
SWPI;SBIH
SBFL;SKBO
SGES;SCEL
SBGR;SGES
SBCT;LIRF
SBRF;LIMC
LIRF;SBCT
SBAC;SBSG
SBPA;SBNM
SBNM;SBPA
SBPA;SBUG
SBUG;SBPA
LEMD;EDDF
ZBAA;EHAM
KMIA;SBBE
EHBK;LTBA
KMIA;EHBK
DGAA;SBSV
OEJN;DGAA
SBKP;GVAC
KAEX;SBGL
EDDK;SBGR
EBBR;SBGR
SBGR;EBBR
SKBO;SBKP
SKBO;SBEG
SVMI;SKBO
MMMX;SVMI
SBGL;SVMI
SVMI;SBGL
SBJD;SBVT
KMIA;SEQM
SNMA;SBTB
SNMA;SDWQ
SWHP;SBPJ
SBJD;SBBU
SBBE;SBBE
SDWQ;SNTI
SBPJ;SBBE
SBJD;SBJD
SBBR;SBJD
SBVT;SBJD
SDCO;SBJD
SBSJ;SBJD
SBSN;SBMQ
SBJD;SDCO
SBJD;SBIL
SBIL;SBRF
SBRF;SBIL
SBIL;SBJD
SBCF;SBVG
SBVT;SNCX
SBBH;SBCF
SBCY;SBJD
SBGV;SBBH
SSOU;SWTS
SBJP;SBMO
SBSG;SBJP
SBAR;SBVC
DNMM;EBLG
EBLG;HAAB
HAAB;DNMM
HAAB;KPVG
KPVG;DNMM
HAAB;DGAA
LPPR;SBRF
SBCF;LPPR
LPPR;SBCF
SBCF;SEQM
SBGL;SKRG
SBPA;SEQM
OMAA;SBKP
SBPA;MPTO
MPTO;SBPA
SBPA;SBRB
SBRB;SEQM
SBRB;SBPA
SEQM;SBRB
EGSS;ELLX
EBBR;OTHH
KDFW;EBBR
OTHH;EGSS
SBCZ;SBEG
SBSR;SBSG
SBSG;SBSR
SBMA;SBCF
SBCF;SBMA
SBPK;SBSM
SBRF;SBMS
SBMS;SBRF
SBUG;SBNM
SBKP;SBJA
SBJA;SBKP
SBAE;SBSR
SBCF;SBCP
SBRJ;SBCG
SBRJ;SBSR
SBCP;SBCF
SBKP;TJSJ
TJSJ;SBGL
SBIH;SWPI
SBRF;SKRG
SBCB;SKBO
SBKP;SBCB
SBCF;SKBO
SGES;SKBO
SBGR;KIAD
KIAD;SBGR
SABE;SBGR
SBGR;SABE
SABE;SBGL
SBGL;SABE
SABE;SBFL
SBFL;SABE
SUMU;SCEL
SBBR;SKBO
EGSS;EDDF
SBCT;SCEL
LIRF;SBCF
SBCF;LIRF
LIMC;SBRF
SBSP;SBJA
SBJA;SBSP
SBSP;SBJV
SBJV;SBSP
SBSP;SBSR
SBSR;SBSP
SBCH;SBSP
SBSP;SBCH
SBSP;SBTC
SBTC;SBSP
EHAM;SBBR
LTFM;KMIA
LTBA;LTFM
SMJP;SBGR
SBEG;SKLT
SKLT;SLVR
EDFH;SBGL
SBGL;EBLG
LSZH;SBGL
SBGL;LSZH
SBPA;SPJC
SPJC;SBPA
SBGR;DGAA
VMMC;VCBI
VCBI;HKJK
HKJK;DGAA
SBBR;SBBR
SNTI;SBTB
SBCY;SWFX
SBCY;SSOU
SWJN;SWJN
SWTS;SSOU
SBCY;SBCY
SBVT;SBVT
SBCF;SBCF
SBJD;SBSR
SBSV;SLVR
SLVR;SBSV
MMMX;SCEL
KMIA;MMMX
SKBO;SBPA
SBPA;SKBO
SDSC;SKBO
SBCB;SEQM
KMIA;SBFZ
KMIA;SKBO
SBCY;SBBV
SBPA;SLVR
SGAS;SBPA
SBCT;SBRB
SLVR;SEQM
SBCY;SEQM
SBGO;SCEL
SCEL;SBGO
SKCL;SBGR
SUMU;SBKP
SBPA;SAEZ
SAEZ;SBPA
SBRJ;SBSG
SBEG;MNMG
MNMG;SBEG
SPJC;SBFL
SBGL;EBBR
SBKP;EBBR
EBBR;SBKP
SBRF;SKBO
SBSV;SKBO
SABE;SBBR
SBBR;SABE
SAEZ;KMIA
SBCF;LIMC
SBFZ;SAEZ
SBGR;SEGU
SAEZ;SBFZ
SEGU;SBGR
SBBR;TJSJ
SLVR;SBPA
SBFZ;SLCB
SLCB;SBFZ
SLLP;SBPA
SBBR;SLCB
SVSO;SBEG
SBEG;SBPA
SLVR;SBGL
SBPA;SBEG
SBEG;SVSO
SKBO;SKLT
SKLT;SBKP
SBEG;SVVA
EBBR;SBGL
SBCT;SBEG
SAEZ;SGAS
SBKP;SLVR
SBKP;SELT
SBPA;SGAS
SLVR;SEGU
SEGU;SBKP
SEQM;SBKP
SEQM;SBGR
SEQM;SGAS
SARI;SBGO
SBGO;SARI
SCEL;SBSV
SCEL;SBFI
SBFI;SCEL
UCFM;VMMC
DGAA;SBRF
DGAA;UCFM
SLVR;SBCF
SBCF;SLVR
SLVR;SKCL
SKCL;SLVR
SBCF;SBBH
SBBE;SBTE
SSOU;SBCY
VOHS;KAUH
KAUH;SBGR
SBGR;KAUH
SBGR;EBLG
EBBR;HAAB
VHHH;HAAB
SLVR;SBFZ
SLLP;SBFZ
SBFZ;SLVR
SBFZ;SLLP
SKBO;SCEL
MTPP;SBGR
SBGR;MTPP
SKBQ;SBGL
SBGL;SKBQ
SPJC;SBCT
SBCT;SPJC
SPJC;SDSC
SBCT;LPPT
SBCT;SLVR
SLVR;SPJC
SPJC;SBCG
SGAS;SBCT
SBEG;SBCT
SEQM;SBEG
SAEZ;SBGO
SBGO;SGAS
SGAS;SBCF
GOBD;SBGL
SBEG;SBCZ
SBAE;SBDN
SBSM;SBPK
SBNM;SBUG
SBEG;SEGU
SBSN;SBKP
SBEG;SBVT
SBEG;KPUC
KPUC;SBEG
KPUC;SWCA
SWCA;KPUC
SBKP;SKBQ
SABE;SBSV
UUEE;SAEZ
SABE;SBPA
SBPA;SABE
MDSD;EHAM
SBCF;SGAS
SEGU;SBSV
SBSV;SBMG
SBGL;SEQM
SBCF;SKBQ
SLLP;SBBR
SEQM;SBGL
SKBQ;SBCF
SBKP;EDDF
SBGR;SLLP
SKBO;SBCF
MPTO;KIAH
VOMM;OOMS
OOMS;HSSS
DIAP;SBRF
HSSS;DGAA
SBGL;GVAC
SVBM;SBEG
SEQM;SBCT
SYCJ;SBCF
KAEX;TJSJ
TJSJ;SYCJ
SBCF;SYCJ
LKMT;SBBR
SGAS;SBGO
SBCT;SEQM
SYCJ;KMIA
SBBR;EHAM
ZGSZ;EBBR
LEMD;ZGSZ
SUMU;SBFL
VCBI;OEJN
GUCY;SBGR
OEJN;GUCY
SBFL;SUMU
SUMU;SBSV
SBSV;SUMU
SABE;SUMU
SBGR;FYWH
FYWH;FAOR
SBSI;SSOU
SBJD;SBBR
SBCY;SBVH
SBVH;SBCY
SBRJ;SBUL
SBUL;SBRJ
SBCX;SBGL
SBPA;SBCH
SBGL;SBCX
SBCH;SBCT
SEGU;SBEG
SBCH;SBPA
SUMU;SBBR
SUMU;SKRG
SBKP;SGES
SPJC;SKBO
SAEZ;SBBR
SBBR;SAEZ
SAEZ;SGES
SGES;SAEZ
SAEZ;SBCY
SBCY;SAEZ
SBGR;MMUN
MMUN;SBGR
SBGR;SBTC
SBBR;SCEL
SEQM;SBCY
EDDF;SBGL
SBGL;EDDF
SBTC;SBGR
EHAM;ZBAA
KORD;SPJC
SBCF;KMIA
KJFK;SBCF
SBCF;KJFK
KBOS;SBCF
SBCF;KBOS
SVMI;SBKP
SBBR;SVMI
SVMI;SBBR
SVMI;SLVR
SLVR;SVMI
SEQM;SBPA
SKBO;SVMI
KMIA;TJSJ
TJSJ;SBRF
GMMN;SBGR
OMAA;VHHH
VHHH;OMAA
SBCF;SBTC
SBTC;SBCF
OTHH;OMDB
SBGR;DNMM
DNMM;OTHH
LEMD;OMDB
OTHH;LEMD
LEMD;SBEG
SAEZ;DNKN
SLVR;SBGO
SBGO;SLVR
SCEL;MMMX
SBVT;SBGL
SBCT;SBCX
SBCX;SBCT
SBKP;OMAA
SBJD;SBSJ
SBPL;SBPJ
SPJC;SKRG
SBPA;SBCB
OMAA;VOHS
VOHS;OMAA
OMAA;SBGR
SBGR;OMAA
OMAA;GMMN
SLLP;SBCY
MMMX;RJAA
YBBN;NZAA
SBGR;SDSC
SBBV;SYCJ
SBBR;SPJC
SPJC;SBBR
SDSC;SPJC
SBSV;LPPR
LPPR;SBSV
EHAM;KMIA
SBVT;SEQM
SBBH;SBGV
SBBH;SBUR
SBUR;SNOS
SNOS;SBBH
SBGL;SBSJ
SBSJ;SBGL
SBJD;SBBH
SBSR;SBJD
SBCG;SBFI
SBCG;SBLO
SBAT;SBIH
SBCF;SBJU
SBJU;SBCF
SKBO;SUMU
SBBV;SBGL
SBRF;SBSJ
SBEG;SKPE
SKPE;SBEG
SBFZ;SBTE
SBTE;SBFZ
OTHH;LFOK
LFOK;SBGR
SBPS;SBUR
SBUR;SBPS
SBKP;SBIZ
SBAC;SBRF
SBMS;SBAC
SBCY;SBJI
SBJI;SBCY
SBIZ;SBKP
SBCY;SBCH
SAEZ;SBCF
SBCF;SAEZ
SBJA;SBGL
SBBR;SUMU
MTPP;SBPA
SBSP;SBLO
SBLO;SBSP
MMUN;MMMX
MMUN;KMIA
KMIA;MMUN
SBCH;SBFZ
SBSV;SBCH
SBCH;SBSV
SBGO;SPJC
KJFK;KORD
KORD;SBKP
SBGO;SEQM
SAEZ;SBEG
KORD;SGAS
KORD;SEQM
CYYZ;KMIA
SVMI;MTPP
MTPP;SVMI
SMJP;SBGL
SEQM;SDSC
SBGR;LTBA
EDFH;GOBD
KAEX;SEGU
SEGU;SBCF
SBCF;SEGU
SEGU;KIWA
GOBD;EDFH
SBGR;LYBE
SKCL;SCFA
VVNB;VCBI
GUCY;SBEG
SLVR;SBCT
SBGL;SBTE
SBTE;SBGL
SBGL;SBMG
SBMG;SBGL
SDSC;SCEL
MUHA;SBKP
MUHA;SVMI
SBKP;MUHA
KMIA;SKCL
SBCT;SBCB
SNTS;SBRF
SBRF;SNTS
SSLT;SBPA
SSLT;SBBG
SBPA;SBBG
SBPA;SSLT
SBBG;SSLT
SBBG;SBPA
SBPA;SBPA
SSSB;SSZR
SBPA;SSSB
SSZR;SBPA
SNEE;SSER
SSER;SBPA
SBPA;SNEE
SBPA;SSSC
SSSC;SBPA
SBPA;SSER
SBEG;SBAT
SBLO;SBFL
SKBO;SBCT
SBCT;SBGO
SBCT;SBCN
SBCN;SBCT
SAEZ;SAAR
SAAR;SBGR
SAEZ;KIAH
KIAH;ELLX
OTHH;EBBR
DNKN;DNMM
EBOS;OTHH
MPTO;EBOS
SBDB;SBKP
SBKP;SBCR
SBCR;SBDB
SBCP;SBME
SBMS;SBSG
SBSR;SBCF
SBCF;SBSR
SBSG;SBMS
SBCH;SBPL
SBFZ;SBMO
SBCF;SBCH
SBEG;MDPC
SBCF;SBCX
SWKO;SBUY
SBUY;SWKO
SBGR;SAAR
SAEZ;KJFK
LIMC;SBCF
SBSP;SBUL
SBUL;SBSP
KMIA;KORD
KSTL;SBKP
KHSV;SBKP
SBEG;TTPP
SBGR;GCTS
SGAS;SBBR
SBBR;SGAS
KMIA;TTPP
TTPP;SBKP
SBKP;TTPP
TTPP;KMIA
TJSJ;KMIA
SGAS;SUMU
SBGL;SLVR
SBEG;DGAA
TJSJ;SBKP
SEGU;SBGL
SBEG;SMJP
TTPP;SBEG
SBGR;GMMN
SBKP;SVMI
SVMI;MUHA
SBRF;SPJC
SPJC;SBRF
SPJC;MMMX
MMMX;SPJC
SBVT;SBCT
SBFZ;SBCB
SDSC;SBGR
SCEL;LEMD
SCEL;SDSC
SWPH;SWFX
VTSK;SWHP
SWFX;SWHP
SWFX;VTSK
SBJD;SBBP
SBBP;SBJD
SBGL;SBSL
SBCT;SBRF
SBCT;SUMU
SUMU;SBCT
SBCY;SWPH
SBRD;SBCY
SBGL;SEGU
SBRJ;SBMO
SBCF;SNGI
SNGI;SBCF
SBMO;SBRJ
SBRJ;SBCH
SBEG;TNCA
TNCA;SBEG
SBCH;SBGL
MDPC;SBEG
KFLL;SBEG
MKJP;SBKP
KMIA;MKJP
MMMD;SBEG
EDFH;GVAC
GVAC;SBCF
SBCF;DGAA
EBBR;GOBD
SBKP;GOBD
GOBD;EBLG
EBLG;EBBR
ZSJN;LIMC
SSOE;SBFL
ZGGG;OOMS
OOMS;DGAA
KHSV;TTPP
SBKP;KCVG
SBFL;SBCD
SBCT;SBPO
SBCT;SBCD
SBCD;SBFL
SBCD;SBCT
SSAP;SBCT
SBCT;SSAP
SBPO;SBCT
SBFL;SSOE
HLLM;SBGL
SBGL;GBYD
GBYD;HSSS
DGAA;SBCF
SUMU;SBEG
SCEL;SUMU
SBEG;SUMU
EGNX;KAUS
ELLX;EGNX
KAUS;SBKP
LPPT;SBBE
SSSB;SBPA
SNEE;SBPA
SBPA;SSZR
SBJD;SBBW
SBMA;SBGO
SBNF;SBPK
SBPK;SBNF
SWJN;SBEG
SBCH;SBCF
SBCT;SBCH
SBPA;SBGO
SKBQ;SBEG
SBGR;SANT
EBLG;LEZG
LEZG;SANT
SBGR;ELLX
SANT;DNMM
ELLX;LEZG
SBLO;SBPA
SBPA;SBRP
SBRP;SBPA
SBPA;SBLO
SBPA;SBMG
SBMG;SBPA
SBPA;SBUL
SBUL;SBPA
SBCG;SBCF
SBCF;SBCG
SBCG;SBGL
SBSL;SBGL
SBRB;SBGL
SBPV;SBGL
SBPJ;SBGL
SBKP;MPTO
SBKP;MSLP
SBCX;SBSV
SBMO;SBGO
SBMQ;SBGL
MPTO;SBKP
MSLP;SBKP
LFPG;EHAM
LFLX;SBGL
SAEZ;SBCT
SBCT;SAEZ
SCEL;SGAS
LEMD;ZBAA
ZBAA;LEMD
SBMO;SBFZ
SBBR;SBFI
SBFI;SBBR
SBGR;SAME
SAME;SBGR
KIAH;SBKP
EBLG;GOBD
SEGU;LRCK
TJSJ;SBEG
SLVR;SBKP
SBKP;SKLT
SNCP;SSOE
SNCP;SBFL
GBYD;FZAA
SVMI;SBGR
SBFL;SNCP
SBCD;SSOE
SSOE;SBCD
SSOE;SNCP
SULS;SBGR
SBGL;SUMU
SULS;SBGL
SUMU;SBGL
SBGR;SULS
EDDF;LEMD
LEMD;GVAC
MMMY;SEGU
MMMD;SBKP
SGAS;SKBQ
SKBQ;SGAS
SBTE;SBSL
SBSL;SBTE
SBGR;LEBL
LEBL;SBGR
MMMX;KMIA
GVAC;SBBE
EGBB;GMAD
GMAD;GVAC
DGAA;SBEG
OMSJ;DGAA
SBGR;OMSJ
CYHM;TTPP
KMIA;CYHM
SBEG;OMSJ
KIAH;MKJP
SBGL;TTPP
MKJP;TTPP
MMMX;TJSJ
KORD;MMMX
SSOE;SBPO
SBPO;SSOG
SBCD;SNCP
SBPO;SSOE
SBGR;FAOR
SBGL;DGAA
FAOR;SBGL
SBGR;LEZG
SBGL;SBPV
ZHHH;DNMM
SBGL;GMMN
GMMN;SBGL
MMGL;MMMX
SBSG;LPPT
LPPT;SBSG
SBBE;LPPT
KMIA;SUMU
SBMD;SBMQ
SBMQ;SBMD
SBBE;SNEB
SNEB;SBBE
SBBE;SBTU
SBTU;SBBE
VTSK;SBCY
SBUL;SBPK
SBPK;SBUL
SBSP;SBPJ
SBPJ;SBSP
SBGR;MDPC
MDPC;SBGR
SBBR;MMUN
MMUN;SBBR
SBGR;SANU
SANU;SBGR
EHAM;SBFZ
SBFZ;EHAM
SBKP;DGAA
EBLG;MMMX
MMMX;SBKP
SBKP;OTHH
DGAA;OTHH
DNMM;SBKP
OTHH;DNMM
ELLX;MMMX
LEZG;ELLX
OTHH;LEZG
MPTO;EHAM
EBLG;KDFW
KDFW;SBKP
EHAM;OTHH
SBPA;SBSR
SBSR;SBPA
SBKP;SBUR
SBUR;SBKP
SBPA;SUMU
SUMU;SBPA
SBCY;SBFZ
SBCX;SBCH
SBCH;SBCX
SBGL;SBCH
SBGL;SBRB
SBGL;SBPJ
SBRB;SBPV
KORD;KMIA
